{"learner":{"attributes":{},"feature_names":[],"feature_types":[],"gradient_booster":{"model":{"gbtree_model_param":{"num_parallel_tree":"1","num_trees":"10"},"iteration_indptr":[0,1,2,3,4,5,6,7,8,9,10],"tree_info":[0,0,0,0,0,0,0,0,0,0],"trees":[{"base_weights":[5.619314E-7,-1.7790287E1,1.890119E1,-2.8123756E1,-8.02388E0,9.473672E0,3.0308998E1,-3.782578E0,-2.397207E0,-1.3392667E0,-3.5191265E-1,5.34287E-1,1.5021138E0,2.704771E0,4.9359937E0],"categories":[],"categories_nodes":[],"categories_segments":[],"categories_sizes":[],"default_left":[0,0,0,0,0,0,0,0,0,0,0,0,0,0,0],"id":0,"left_children":[1,3,5,7,9,11,13,-1,-1,-1,-1,-1,-1,-1,-1],"loss_changes":[1.554855E6,2.4016788E5,2.4083388E5,4.5696812E4,2.9603758E4,2.8082875E4,6.1665375E4,0E0,0E0,0E0,0E0,0E0,0E0,0E0,0E0],"parents":[2147483647,0,0,1,1,2,2,3,3,4,4,5,5,6,6],"right_children":[2,4,6,8,10,12,14,-1,-1,-1,-1,-1,-1,-1,-1],"split_conditions":[7.345E1,5.477E1,9.278E1,4.193E1,6.425E1,8.318E1,1.1062E2,-3.782578E0,-2.397207E0,-1.3392667E0,-3.5191265E-1,5.34287E-1,1.5021138E0,2.704771E0,4.9359937E0],"split_indices":[0,0,0,0,0,0,0,0,0,0,0,0,0,0,0],"split_type":[0,0,0,0,0,0,0,0,0,0,0,0,0,0,0],"sum_hessian":[4.622E3,2.381E3,2.241E3,1.156E3,1.225E3,1.228E3,1.013E3,3.44E2,8.12E2,5.58E2,6.67E2,7.05E2,5.23E2,8.67E2,1.46E2],"tree_param":{"num_deleted":"0","num_feature":"5","num_nodes":"15","size_leaf_vector":"1"}},{"base_weights":[3.9101843E-4,-1.5284315E1,1.7850464E1,-2.4776552E1,-6.0503354E0,1.0813952E1,2.96321E1,-3.2958515E0,-2.0559487E0,-1.0687742E0,-1.8835899E-1,6.42575E-1,1.6226085E0,2.6935906E0,4.9752364E0],"categories":[],"categories_nodes":[],"categories_segments":[],"categories_sizes":[],"default_left":[0,0,0,0,0,0,0,0,0,0,0,0,0,0,0],"id":1,"left_children":[1,3,5,7,9,11,13,-1,-1,-1,-1,-1,-1,-1,-1],"loss_changes":[1.2615802E6,2.1818906E5,1.7650869E5,4.1693188E4,2.4404004E4,3.164886E4,4.1895625E4,0E0,0E0,0E0,0E0,0E0,0E0,0E0,0E0],"parents":[2147483647,0,0,1,1,2,2,3,3,4,4,5,5,6,6],"right_children":[2,4,6,8,10,12,14,-1,-1,-1,-1,-1,-1,-1,-1],"split_conditions":[7.475E1,5.621E1,9.584E1,4.387E1,6.627E1,8.585E1,1.162E2,-3.2958515E0,-2.0559487E0,-1.0687742E0,-1.8835899E-1,6.42575E-1,1.6226085E0,2.6935906E0,4.9752364E0],"split_indices":[0,0,0,0,0,0,0,0,0,0,0,0,0,0,0],"split_type":[0,0,0,0,0,0,0,0,0,0,0,0,0,0,0],"sum_hessian":[4.622E3,2.49E3,2.132E3,1.227E3,1.263E3,1.336E3,7.96E2,4.15E2,8.12E2,5.97E2,6.66E2,7.39E2,5.97E2,7.04E2,9.2E1],"tree_param":{"num_deleted":"0","num_feature":"5","num_nodes":"15","size_leaf_vector":"1"}},{"base_weights":[1.0703646E-3,-1.5006826E1,1.4764307E1,-2.4080431E1,-8.04513E0,6.3989263E0,2.3788136E1,-3.8185902E0,-2.1972618E0,-1.261321E0,-3.944771E-1,2.775023E-1,1.01337E0,2.002955E0,3.5389793E0],"categories":[],"categories_nodes":[],"categories_segments":[],"categories_sizes":[],"default_left":[0,0,0,0,0,0,0,0,0,0,0,0,0,0,0],"id":2,"left_children":[1,3,5,7,9,11,13,-1,-1,-1,-1,-1,-1,-1,-1],"loss_changes":[1.0245171E6,1.4464978E5,1.7580981E5,2.8743938E4,2.4281508E4,1.6362109E4,4.817325E4,0E0,0E0,0E0,0E0,0E0,0E0,0E0,0E0],"parents":[2147483647,0,0,1,1,2,2,3,3,4,4,5,5,6,6],"right_children":[2,4,6,8,10,12,14,-1,-1,-1,-1,-1,-1,-1,-1],"split_conditions":[7.234E1,5.236E1,9.111E1,3.591E1,6.232E1,8.064E1,1.0607E2,-3.8185902E0,-2.1972618E0,-1.261321E0,-3.944771E-1,2.775023E-1,1.01337E0,2.002955E0,3.5389793E0],"split_indices":[0,0,0,0,0,0,0,0,0,0,0,0,0,0,0],"split_type":[0,0,0,0,0,0,0,0,0,0,0,0,0,0,0],"sum_hessian":[4.622E3,2.292E3,2.33E3,9.94E2,1.298E3,1.21E3,1.12E3,1.27E2,8.67E2,6.13E2,6.85E2,6.15E2,5.95E2,8.48E2,2.72E2],"tree_param":{"num_deleted":"0","num_feature":"5","num_nodes":"15","size_leaf_vector":"1"}},{"base_weights":[7.823261E-4,-1.2021804E1,1.4964816E1,-1.9583328E1,-3.995109E0,1.0009501E1,2.6069246E1,-2.6199243E0,-1.5696598E0,-7.519791E-1,-7.571002E-2,6.099842E-1,1.4411893E0,2.3679583E0,4.3596354E0],"categories":[],"categories_nodes":[],"categories_segments":[],"categories_sizes":[],"default_left":[0,0,0,0,0,0,0,0,0,0,0,0,0,0,0],"id":3,"left_children":[1,3,5,7,9,11,13,-1,-1,-1,-1,-1,-1,-1,-1],"loss_changes":[8.318871E5,1.5554131E5,1.130925E5,3.3531594E4,1.4203434E4,2.4456188E4,2.5563906E4,0E0,0E0,0E0,0E0,0E0,0E0,0E0,0E0],"parents":[2147483647,0,0,1,1,2,2,3,3,4,4,5,5,6,6],"right_children":[2,4,6,8,10,12,14,-1,-1,-1,-1,-1,-1,-1,-1],"split_conditions":[7.59E1,5.751E1,9.835E1,4.529E1,6.795E1,8.729E1,1.1994E2,-2.6199243E0,-1.5696598E0,-7.519791E-1,-7.571002E-2,6.099842E-1,1.4411893E0,2.3679583E0,4.3596354E0],"split_indices":[0,0,0,0,0,0,0,0,0,0,0,0,0,0,0],"split_type":[0,0,0,0,0,0,0,0,0,0,0,0,0,0,0],"sum_hessian":[4.622E3,2.563E3,2.059E3,1.319E3,1.244E3,1.425E3,6.34E2,4.86E2,8.33E2,5.95E2,6.49E2,7.56E2,6.69E2,5.6E2,7.4E1],"tree_param":{"num_deleted":"0","num_feature":"5","num_nodes":"15","size_leaf_vector":"1"}},{"base_weights":[1.5154259E-3,-1.27766695E1,1.1439037E1,-2.0696152E1,-7.7247305E0,5.761234E0,2.076457E1,-3.4468842E0,-1.8999468E0,-1.1260221E0,-4.1670585E-1,2.3102084E-1,9.932256E-1,1.8663677E0,3.5965118E0],"categories":[],"categories_nodes":[],"categories_segments":[],"categories_sizes":[],"default_left":[0,0,0,0,0,0,0,0,0,0,0,0,0,0,0],"id":4,"left_children":[1,3,5,7,9,11,13,-1,-1,-1,-1,-1,-1,-1,-1],"loss_changes":[6.758011E5,8.721922E4,1.2907481E5,1.9207844E4,1.6744852E4,2.1827605E4,2.8804469E4,0E0,0E0,0E0,0E0,0E0,0E0,0E0,0E0],"parents":[2147483647,0,0,1,1,2,2,3,3,4,4,5,5,6,6],"right_children":[2,4,6,8,10,12,14,-1,-1,-1,-1,-1,-1,-1,-1],"split_conditions":[7.128E1,5.045E1,9.396E1,3.274E1,6.084E1,8.192E1,1.1407E2,-3.4468842E0,-1.8999468E0,-1.1260221E0,-4.1670585E-1,2.3102084E-1,9.932256E-1,1.8663677E0,3.5965118E0],"split_indices":[0,0,0,0,0,0,0,0,0,0,0,0,0,0,0],"split_type":[0,0,0,0,0,0,0,0,0,0,0,0,0,0,0],"sum_hessian":[4.622E3,2.183E3,2.439E3,8.49E2,1.334E3,1.517E3,9.22E2,9.1E1,7.58E2,6.68E2,6.66E2,8.31E2,6.86E2,8.12E2,1.1E2],"tree_param":{"num_deleted":"0","num_feature":"5","num_nodes":"15","size_leaf_vector":"1"}},{"base_weights":[1.3198085E-3,-9.625686E0,1.2357164E1,-1.6962345E1,-4.058397E0,8.651614E0,2.242935E1,-2.6285653E0,-1.4921538E0,-7.7811694E-1,-1.1300695E-1,5.3823465E-1,1.2247131E0,2.0528402E0,3.8310635E0],"categories":[],"categories_nodes":[],"categories_segments":[],"categories_sizes":[],"default_left":[0,0,0,0,0,0,0,0,0,0,0,0,0,0,0],"id":5,"left_children":[1,3,5,7,9,11,13,-1,-1,-1,-1,-1,-1,-1,-1],"loss_changes":[5.500238E5,1.0608811E5,7.538503E4,2.0937094E4,1.6114521E4,1.7354555E4,1.5636594E4,0E0,0E0,0E0,0E0,0E0,0E0,0E0,0E0],"parents":[2147483647,0,0,1,1,2,2,3,3,4,4,5,5,6,6],"right_children":[2,4,6,8,10,12,14,-1,-1,-1,-1,-1,-1,-1,-1],"split_conditions":[7.653E1,5.401E1,1.0012E2,3.866E1,6.549E1,8.835E1,1.2411E2,-2.6285653E0,-1.4921538E0,-7.7811694E-1,-1.1300695E-1,5.3823465E-1,1.2247131E0,2.0528402E0,3.8310635E0],"split_indices":[0,0,0,0,0,0,0,0,0,0,0,0,0,0,0],"split_type":[0,0,0,0,0,0,0,0,0,0,0,0,0,0,0],"sum_hessian":[4.622E3,2.598E3,2.024E3,1.12E3,1.478E3,1.481E3,5.43E2,1.99E2,9.21E2,6.5E2,8.28E2,7.77E2,7.04E2,4.87E2,5.6E1],"tree_param":{"num_deleted":"0","num_feature":"5","num_nodes":"15","size_leaf_vector":"1"}},{"base_weights":[1.7574013E-3,-1.0718162E1,9.014683E0,-1.7524855E1,-6.902523E0,3.4324362E0,1.5538801E1,-3.2331302E0,-1.6320466E0,-9.608294E-1,-3.9617082E-1,8.06519E-2,6.1238754E-1,1.2418653E0,2.282534E0],"categories":[],"categories_nodes":[],"categories_segments":[],"categories_sizes":[],"default_left":[0,0,0,0,0,0,0,0,0,0,0,0,0,0,0],"id":6,"left_children":[1,3,5,7,9,11,13,-1,-1,-1,-1,-1,-1,-1,-1],"loss_changes":[4.4676088E5,5.4731656E4,9.143178E4,1.2989547E4,1.0743895E4,9.571519E3,2.604375E4,0E0,0E0,0E0,0E0,0E0,0E0,0E0,0E0],"parents":[2147483647,0,0,1,1,2,2,3,3,4,4,5,5,6,6],"right_children":[2,4,6,8,10,12,14,-1,-1,-1,-1,-1,-1,-1,-1],"split_conditions":[7.052E1,4.911E1,9.013E1,2.932E1,5.987E1,7.932E1,1.0419E2,-3.2331302E0,-1.6320466E0,-9.608294E-1,-3.9617082E-1,8.06519E-2,6.1238754E-1,1.2418653E0,2.282534E0],"split_indices":[0,0,0,0,0,0,0,0,0,0,0,0,0,0,0],"split_type":[0,0,0,0,0,0,0,0,0,0,0,0,0,0,0],